{
  "providers": [
    {
      "type": "bitmap",
      "file": "minecraft:font/a_admin.png",
      "ascent": 7,
      "height": 8,
      "chars": ["\ue001"]
    },
    {
      "type": "bitmap",
      "file": "minecraft:font/d_admin.png",
      "ascent": 7,
      "height": 8,
      "chars": ["\ue002"]
    },
    {
      "type": "bitmap",
      "file": "minecraft:font/m_admin.png",
      "ascent": 7,
      "height": 8,
      "chars": ["\ue003"]
    },
    {
      "type": "bitmap",
      "file": "minecraft:font/i_admin.png",
      "ascent": 7,
      "height": 8,
      "chars": ["\ue004"]
    },
    {
      "type": "bitmap",
      "file": "minecraft:font/n_admin.png",
      "ascent": 7,
      "height": 8,
      "chars": ["\ue005"]
    },
    {
      "type": "bitmap",
      "file": "minecraft:font/m_modo.png",
      "ascent": 7,
      "height": 8,
      "chars": ["\ue006"]
    },
    {
      "type": "bitmap",
      "file": "minecraft:font/o_modo.png",
      "ascent": 7,
      "height": 8,
      "chars": ["\ue007"]
    },
    {
      "type": "bitmap",
      "file": "minecraft:font/d_modo.png",
      "ascent": 7,
      "height": 8,
      "chars": ["\ue008"]
    }
  ]
}