{
  "providers": [
    {
      "type": "bitmap",
      "file": "minecraft:font/a.png",
      "ascent": 7,
      "height": 8,
      "chars": ["\ue001"]
    },
    {
      "type": "bitmap",
      "file": "minecraft:font/d.png",
      "ascent": 7,
      "height": 8,
      "chars": ["\ue002"]
    },
    {
      "type": "bitmap",
      "file": "minecraft:font/m.png",
      "ascent": 7,
      "height": 8,
      "chars": ["\ue003"]
    },
    {
      "type": "bitmap",
      "file": "minecraft:font/i.png",
      "ascent": 7,
      "height": 8,
      "chars": ["\ue004"]
    },
    {
      "type": "bitmap",
      "file": "minecraft:font/n.png",
      "ascent": 7,
      "height": 8,
      "chars": ["\ue005"]
    }
  ]
}